{
  "framework": "GEAR: The Transformation Operating System",
  "methodology": "FORGE (Find, Observe, Reconcile, Ground, Enhance)",
  "alignment_surface": [
    "People",
    "Process",
    "Policy",
    "Technology"
  ],
  "odxa_domains": [
    "Strategic",
    "Organizational",
    "Process",
    "Digital",
    "Physical"
  ],
  "pillars": [
    {
      "id": "ubiquitous-computing",
      "name": "Ubiquitous Computing",
      "perspective": "Evolving technical capability providing consistent, portable compute across environments.",
      "short_definition": "Consistent, portable compute capabilities across cloud, emerging platforms, and execution environments, enabling workloads to run wherever they are most effective.",
      "long_definition": "Ubiquitous Computing encompasses the platforms and execution models that allow computation to occur seamlessly across diverse and evolving environments, including cloud, on-premises, and emerging paradigms like Quantum and Web3. The goal is architectural portability, scalability, and consistency—ensuring that workloads can evolve without forcing redesign at every technology shift.",
      "is_and_is_not": {
        "is": [
          "Architectural portability (Write once, run anywhere)",
          "An enabler for Hybrid and Multi-cloud strategies",
          "A lifecycle approach to compute (DevOps/Platform Engineering)"
        ],
        "is_not": [
          "Just 'Cloud Migration'",
          "Bound to a single hardware vendor",
          "Limited to traditional x86 server environments"
        ]
      },
      "odxa_domains": {
        "primary": ["Digital"],
        "secondary": ["Strategic", "Organizational", "Process", "Physical"]
      },
      "odxa_mapping": {
        "strategic": [
          "Align compute placement with outcomes.",
          "Establish portability standards.",
          "Define Quantum/Web3 value.",
          "Set sovereignty policy."
        ],
        "organizational": [
          "Transition to Platform Engineers.",
          "Define fabric ownership.",
          "Establish FinOps.",
          "Bridge skill gaps."
        ],
        "process": [
          "Standardize CI/CD.",
          "Automate scaling/patching.",
          "Integrate DevSecOps.",
          "Implement observability."
        ],
        "digital": [
          "Deploy Kubernetes.",
          "Implement Unified IAM.",
          "Develop Service Mesh.",
          "Leverage Abstraction APIs."
        ],
        "physical": [
          "Manage hardware abstraction.",
          "Accelerator lifecycle.",
          "Optimize geographic presence.",
          "Ensure site resilience."
        ]
      },
      "use_cases": [
        "Hybrid Cloud Bursting",
        "Unified Modernization",
        "Global Edge Sync",
        "Decentralized Web3 Nodes"
      ],
      "failure_modes": [
        "Environment Silos",
        "Manual Ops at scale",
        "Tool-first thinking"
      ],
      "system_context": {
        "enables": ["AI", "Edge Computing"],
        "depends_on": ["Cybersecurity", "Advanced Communications"]
      },
      "faqs": [
        {
          "question": "How does Ubiquitous Computing differ from Cloud Computing?",
          "answer": "Cloud is a destination; Ubiquitous Computing is a capability. It ensures you can use Cloud, On-Premises, and Emerging Platforms using consistent architectural patterns."
        },
        {
          "question": "How do I justify the cost of an abstraction layer?",
          "answer": "The ROI is in De-risking. It turns a multi-year 're-platforming' project into a configuration change, allowing you to adapt to new tech shifts in weeks instead of years."
        }
      ],
      "assets": [
        {
          "title": "Platform Engineering Deep Dive",
          "description": "A technical brief on moving from server administration to automated platform management.",
          "url": "https://embracingdigital.org/en/briefs/platform-engineering/"
        }
      ]
    },
    {
      "id": "edge-computing",
      "name": "Edge Computing",
      "perspective": "Evolving technical capability extending processing and autonomy to the point of action.",
      "short_definition": "Enables data processing and decision-making closer to where data is generated to support low-latency, resilient, and mission-critical operations.",
      "long_definition": "Edge Computing extends digital capabilities by placing compute, analytics, and control functions near sensors, users, and operational systems. It is essential for environments where latency, connectivity, security, or autonomy constraints limit reliance on centralized cloud platforms.",
      "is_and_is_not": {
        "is": [
          "Processing at the Source",
          "Tactical Autonomy",
          "Latency-Aware Architecture"
        ],
        "is_not": [
          "Just 'Small Servers'",
          "A simple Cloud Mirror",
          "Independent Silos"
        ]
      },
      "odxa_domains": {
        "primary": ["Physical", "Digital"],
        "secondary": ["Strategic", "Process", "Organizational"]
      },
      "odxa_mapping": {
        "strategic": [
          "Identify mission-critical workflows.",
          "Balance autonomy and oversight.",
          "Data sovereignty for edge data.",
          "Align with tactical outcomes."
        ],
        "organizational": [
          "Define IT/OT ownership.",
          "Upskill field technicians.",
          "Decentralized accountability.",
          "Bridge central/field gaps."
        ],
        "process": [
          "Zero-Touch Provisioning.",
          "Store-and-Forward data.",
          "Automated remote patching.",
          "Edge-to-cloud model lifecycle."
        ],
        "digital": [
          "Lightweight orchestration (K3s).",
          "Edge-IAM for offline security.",
          "Resource-limited microservices.",
          "API-first machine comms."
        ],
        "physical": [
          "Environmental hardening.",
          "Power/Weight optimization.",
          "Contested site security.",
          "Sensor cabling/protocols."
        ]
      },
      "use_cases": [
        "Real-time Telemetry",
        "Smart Manufacturing QC",
        "Tactical DDIL operations",
        "Remote Healthcare filtering"
      ],
      "failure_modes": [
        "Cloud-Mirroring fallacy",
        "Ignoring the 'Sneakernet' (Manual updates)",
        "Connectivity assumptions"
      ],
      "system_context": {
        "enables": ["AI Inference", "Data Reduction"],
        "depends_on": ["Ubiquitous Computing", "Cybersecurity"]
      },
      "faqs": [
        {
          "question": "Is Edge Computing just another name for IoT?",
          "answer": "No. IoT focuses on connection; Edge focuses on processing and control capabilities provided to those devices at the point of action."
        }
      ],
      "assets": [
        {
          "title": "Tactical Edge Reference Architecture",
          "description": "A guide to building resilient systems for disconnected operations (DDIL).",
          "url": "https://embracingdigital.org/en/articles/tactical-edge/"
        }
      ]
    },
    {
      "id": "artificial-intelligence",
      "name": "Artificial Intelligence",
      "perspective": "Evolving technical capability providing cognitive augmentation and automated reasoning.",
      "short_definition": "Enables systems to learn, reason, and assist decision-making through data-driven models embedded across digital and operational workflows.",
      "long_definition": "AI encompasses the design, deployment, and governance of capabilities that augment human decision-making and automate processes. It is not a standalone tool; it depends on mature data, compute, and security foundations to generate repeatable outcomes.",
      "is_and_is_not": {
        "is": [
          "Cognitive Augmentation",
          "Pattern Recognition",
          "Continuous Learning"
        ],
        "is_not": [
          "A Magic Solution",
          "Unsupervised Autonomy",
          "Standard Software Lifecycle"
        ]
      },
      "odxa_domains": {
        "primary": ["Digital", "Strategic"],
        "secondary": ["Process", "Organizational", "Physical"]
      },
      "odxa_mapping": {
        "strategic": [
          "Ethics and risk alignment.",
          "ROI metrics (Accuracy/Velocity).",
          "Buy vs. Build vs. Tune.",
          "IP and Data usage policies."
        ],
        "organizational": [
          "Prompt/AI Engineering skills.",
          "Outcome accountability.",
          "Human-AI collaboration culture.",
          "Cross-functional governance."
        ],
        "process": [
          "Model-Ops (MLOps) integration.",
          "Real-time feedback loops.",
          "Testing for bias/hallucination.",
          "Clean-to-Model pipelines."
        ],
        "digital": [
          "Vector DBs and RAG.",
          "Standardized AI APIs.",
          "Performance/Drift monitoring.",
          "Distributed inference stacks."
        ],
        "physical": [
          "GPU/TPU provisioning.",
          "Sensor calibration.",
          "Energy footprint management.",
          "Limited-resource model optimization."
        ]
      },
      "use_cases": [
        "Knowledge RAG",
        "Predictive Maintenance",
        "Fraud Detection",
        "Hyper-personalization"
      ],
      "failure_modes": [
        "Data Blindness (Garbage In/Out)",
        "Magic Box Fallacy",
        "Ignoring post-deployment drift"
      ],
      "system_context": {
        "enables": ["Cybersecurity", "Advanced Communications"],
        "depends_on": ["Data Management", "Ubiquitous Computing"]
      },
      "faqs": [
        {
          "question": "How do we handle AI Hallucinations?",
          "answer": "Through the Digital Domain (RAG architectures) and the Process Domain (rigorous testing and human-in-the-loop verification)."
        }
      ],
      "assets": [
        {
          "title": "Generative AI in the Enterprise",
          "description": "Best practices for deploying LLMs with RAG and internal guardrails.",
          "url": "https://embracingdigital.org/en/episodes/gen-ai-enterprise/"
        }
      ]
    },
    {
      "id": "cybersecurity",
      "name": "Cybersecurity",
      "perspective": "Evolving technical capability providing foundational resilience and zero-trust protection.",
      "short_definition": "Protects systems, data, and missions through Zero Trust principles, resilience, and continuous risk management across all domains.",
      "long_definition": "Cybersecurity ensures digital transformation remains secure and resilient. It emphasizes architectural security, identity, and incident response. Within ODXA, it is foundational—embedding protection from physical hardware to strategic risk posture.",
      "is_and_is_not": {
        "is": [
          "Zero Trust Architecture",
          "Mission Resilience",
          "Continuous Risk Management"
        ],
        "is_not": [
          "A Bolt-on Tool",
          "Just 'IT's Problem'",
          "Perfect Prevention (0% risk)"
        ]
      },
      "odxa_domains": {
        "primary": ["Digital", "Strategic"],
        "secondary": ["Process", "Organizational", "Physical"]
      },
      "odxa_mapping": {
        "strategic": [
          "Risk Tolerance priorities.",
          "Spend vs. Asset Value.",
          "Security-by-Design mandates.",
          "Legal data requirements."
        ],
        "organizational": [
          "Accountability board-to-field.",
          "Security-First culture.",
          "Workforce threat hygiene.",
          "CISO architectural influence."
        ],
        "process": [
          "Automated IR playbooks.",
          "DevSecOps (Scanning in CI/CD).",
          "Continuous monitoring.",
          "Disaster Recovery drills."
        ],
        "digital": [
          "Unified IAM.",
          "E2E Encryption.",
          "Service Mesh security.",
          "AI-driven SIEM/SOAR."
        ],
        "physical": [
          "Supply chain integrity.",
          "Hardened physical sites.",
          "TPM/Secure Boot.",
          "Biometric access control."
        ]
      },
      "use_cases": [
        "Zero Trust Transformation",
        "DevSecOps Automation",
        "Ransomware Resilience",
        "Secure Multi-cloud Ops"
      ],
      "failure_modes": [
        "Compliance Trap",
        "Siloed security teams",
        "Tool overload/Signal fatigue"
      ],
      "system_context": {
        "enables": ["Ubiquitous Computing", "Advanced Communications"],
        "depends_on": ["Data Management", "AI"]
      },
      "faqs": [
        {
          "question": "Is Zero Trust just for the Cloud?",
          "answer": "No. Zero Trust is a philosophy that applies everywhere. It assumes the network is compromised and verifies every request regardless of origin."
        }
      ],
      "assets": [
        {
          "title": "Zero Trust Implementation Guide",
          "description": "Moving from VPN-based perimeters to pervasive identity-based security.",
          "url": "https://embracingdigital.org/en/articles/zero-trust-guide/"
        }
      ]
    },
    {
      "id": "data-management",
      "name": "Data Management",
      "perspective": "Evolving technical capability enabling strategic stewardship and data-driven insights.",
      "short_definition": "Governs how data is collected, integrated, secured, and used to drive insights and decisions across the enterprise.",
      "long_definition": "Treats data as a strategic asset by ensuring quality, accessibility, and governance. Effective management enables AI and operational visibility while maintaining trust and compliance across all ODXA domains.",
      "is_and_is_not": {
        "is": [
          "Strategic Stewardship",
          "Technical Interoperability",
          "Lifecycle Governance"
        ],
        "is_not": [
          "Just a Database",
          "Data Hoarding (Dark Data)",
          "Manual Data Cleanup"
        ]
      },
      "odxa_domains": {
        "primary": ["Digital"],
        "secondary": ["Strategic", "Process", "Organizational", "Physical"]
      },
      "odxa_mapping": {
        "strategic": [
          "Mission-aligned retention.",
          "Data Sovereignty policy.",
          "Value-based prioritization.",
          "Interop standards."
        ],
        "organizational": [
          "Owners and Stewards.",
          "Data-literate workforce.",
          "Bridge Data/Domain gap.",
          "Default sharing culture."
        ],
        "process": [
          "DataOps automation.",
          "Quality checks in pipelines.",
          "Master Data Management.",
          "Automated discovery."
        ],
        "digital": [
          "Data Mesh/Fabric.",
          "API-driven Data Products.",
          "Automated metadata tagging.",
          "Analytics engines."
        ],
        "physical": [
          "Sensor hardware interfaces.",
          "Physical distribution optimization.",
          "Data Gravity management.",
          "Drive/Cabling integrity."
        ]
      },
      "use_cases": [
        "Single Source of Truth",
        "AI Training Sets",
        "Predictive Analytics",
        "Compliance Automation"
      ],
      "failure_modes": [
        "Data Swamp",
        "Technical/Schema silos",
        "Privacy paralysis"
      ],
      "system_context": {
        "enables": ["AI", "Edge Computing"],
        "depends_on": ["Cybersecurity", "Ubiquitous Computing"]
      },
      "faqs": [
        {
          "question": "What is a 'Data Product'?",
          "answer": "A high-quality, ready-to-use dataset treated like a software product—it has an owner, a clear purpose, and an API for consumption."
        }
      ],
      "assets": [
        {
          "title": "The Move to Data Mesh",
          "description": "Why decentralized data ownership is the key to scaling enterprise analytics.",
          "url": "https://embracingdigital.org/en/briefs/data-mesh-architecture/"
        }
      ]
    },
    {
      "id": "advanced-communications",
      "name": "Advanced Communications",
      "perspective": "Evolving technical capability providing resilient, mission-aligned connectivity.",
      "short_definition": "Provides secure, resilient connectivity enabling data, systems, and people to operate as an integrated whole.",
      "long_definition": "Underpins transformation by connecting systems across environments, including constrained conditions. Includes networking, transport protocols, and resiliency mechanisms necessary for distributed architectures.",
      "is_and_is_not": {
        "is": [
          "Resilient Networking",
          "Standardized Protocols",
          "Path Diversity"
        ],
        "is_not": [
          "Just 'Getting Online'",
          "Simple ISP Management",
          "Assuming Infinite Bandwidth"
        ]
      },
      "odxa_domains": {
        "primary": ["Physical", "Digital"],
        "secondary": ["Strategic", "Organizational", "Process"]
      },
      "odxa_mapping": {
        "strategic": [
          "Criticality-aligned investment.",
          "Interoperability Goals.",
          "Contested comms posture.",
          "Network Sovereignty."
        ],
        "organizational": [
          "Service ownership.",
          "SDN skills.",
          "Network/App collaboration.",
          "Multi-provider governance."
        ],
        "process": [
          "Automated failover.",
          "Priority bandwidth allocation.",
          "Port management standards.",
          "SLA management."
        ],
        "digital": [
          "SD-WAN deployment.",
          "Latency-aware protocols.",
          "Network Virtualization (NFV).",
          "Traffic routing APIs."
        ],
        "physical": [
          "Towers/Terminals management.",
          "Harsh site survival.",
          "Wired/5G/SatCom mix.",
          "Spectrum optimization."
        ]
      },
      "use_cases": [
        "Remote Operations",
        "Global Data Sync",
        "Disconnected Continuity",
        "Contested Comms resilience"
      ],
      "failure_modes": [
        "Bandwidth Blindness",
        "One-Path Trap",
        "Protocol Bloat"
      ],
      "system_context": {
        "enables": ["Ubiquitous Computing", "Edge Computing"],
        "depends_on": ["Cybersecurity", "Data Management"]
      },
      "faqs": [
        {
          "question": "Why is this different from standard Networking?",
          "answer": "Networking is the Digital part. Advanced Comms includes Strategic mission alignment, Physical diversity, and Organizational ownership."
        }
      ],
      "assets": [
        {
          "title": "Communications Resilience in DDIL",
          "description": "Architecting for degraded, disconnected, intermittent, and low-bandwidth environments.",
          "url": "https://embracingdigital.org/en/episodes/comms-resilience-ddil/"
        }
      ]
    }
  ]
}
